"module name","license","repository"
"@angular-devkit/core@11.0.1","MIT","https://github.com/angular/angular-cli"
"@angular-devkit/schematics-cli@0.1100.1","MIT","https://github.com/angular/angular-cli"
"@angular-devkit/schematics@11.0.1","MIT","https://github.com/angular/angular-cli"
"@babel/code-frame@7.10.4","MIT","https://github.com/babel/babel"
"@babel/core@7.12.9","MIT","https://github.com/babel/babel"
"@babel/generator@7.12.5","MIT","https://github.com/babel/babel"
"@babel/helper-function-name@7.10.4","MIT","https://github.com/babel/babel"
"@babel/helper-get-function-arity@7.10.4","MIT","https://github.com/babel/babel"
"@babel/helper-member-expression-to-functions@7.12.7","MIT","https://github.com/babel/babel"
"@babel/helper-module-imports@7.12.5","MIT","https://github.com/babel/babel"
"@babel/helper-module-transforms@7.12.1","MIT","https://github.com/babel/babel"
"@babel/helper-optimise-call-expression@7.12.7","MIT","https://github.com/babel/babel"
"@babel/helper-plugin-utils@7.10.4","MIT","https://github.com/babel/babel"
"@babel/helper-replace-supers@7.12.5","MIT","https://github.com/babel/babel"
"@babel/helper-simple-access@7.12.1","MIT","https://github.com/babel/babel"
"@babel/helper-split-export-declaration@7.11.0","MIT","https://github.com/babel/babel"
"@babel/helper-validator-identifier@7.10.4","MIT","https://github.com/babel/babel"
"@babel/helpers@7.12.5","MIT","https://github.com/babel/babel"
"@babel/highlight@7.10.4","MIT","https://github.com/babel/babel"
"@babel/parser@7.12.7","MIT","https://github.com/babel/babel"
"@babel/plugin-syntax-async-generators@7.8.4","MIT","https://github.com/babel/babel/tree/master/packages/babel-plugin-syntax-async-generators"
"@babel/plugin-syntax-bigint@7.8.3","MIT","https://github.com/babel/babel/tree/master/packages/babel-plugin-syntax-bigint"
"@babel/plugin-syntax-class-properties@7.12.1","MIT","https://github.com/babel/babel"
"@babel/plugin-syntax-import-meta@7.10.4","MIT","https://github.com/babel/babel"
"@babel/plugin-syntax-json-strings@7.8.3","MIT","https://github.com/babel/babel/tree/master/packages/babel-plugin-syntax-json-strings"
"@babel/plugin-syntax-logical-assignment-operators@7.10.4","MIT","https://github.com/babel/babel"
"@babel/plugin-syntax-nullish-coalescing-operator@7.8.3","MIT","https://github.com/babel/babel/tree/master/packages/babel-plugin-syntax-nullish-coalescing-operator"
"@babel/plugin-syntax-numeric-separator@7.10.4","MIT","https://github.com/babel/babel"
"@babel/plugin-syntax-object-rest-spread@7.8.3","MIT","https://github.com/babel/babel/tree/master/packages/babel-plugin-syntax-object-rest-spread"
"@babel/plugin-syntax-optional-catch-binding@7.8.3","MIT","https://github.com/babel/babel/tree/master/packages/babel-plugin-syntax-optional-catch-binding"
"@babel/plugin-syntax-optional-chaining@7.8.3","MIT","https://github.com/babel/babel/tree/master/packages/babel-plugin-syntax-optional-chaining"
"@babel/template@7.12.7","MIT","https://github.com/babel/babel"
"@babel/traverse@7.12.9","MIT","https://github.com/babel/babel"
"@babel/types@7.12.7","MIT","https://github.com/babel/babel"
"@bcoe/v8-coverage@0.2.3","MIT","https://github.com/demurgos/v8-coverage"
"@cnakazawa/watch@1.0.4","Apache-2.0","https://github.com/mikeal/watch"
"@istanbuljs/load-nyc-config@1.1.0","ISC","https://github.com/istanbuljs/load-nyc-config"
"@istanbuljs/schema@0.1.2","MIT","https://github.com/istanbuljs/schema"
"@jest/console@25.5.0","MIT","https://github.com/facebook/jest"
"@jest/core@25.5.4","MIT","https://github.com/facebook/jest"
"@jest/environment@25.5.0","MIT","https://github.com/facebook/jest"
"@jest/fake-timers@25.5.0","MIT","https://github.com/facebook/jest"
"@jest/globals@25.5.2","MIT","https://github.com/facebook/jest"
"@jest/reporters@25.5.1","MIT","https://github.com/facebook/jest"
"@jest/source-map@25.5.0","MIT","https://github.com/facebook/jest"
"@jest/test-result@25.5.0","MIT","https://github.com/facebook/jest"
"@jest/test-sequencer@25.5.4","MIT","https://github.com/facebook/jest"
"@jest/transform@25.5.1","MIT","https://github.com/facebook/jest"
"@jest/types@25.5.0","MIT","https://github.com/facebook/jest"
"@jest/types@26.6.2","MIT","https://github.com/facebook/jest"
"@nestjs/cli@7.5.3","MIT","https://github.com/nestjs/nest-cli"
"@nestjs/common@7.5.5","MIT","https://github.com/nestjs/nest"
"@nestjs/core@7.5.5","MIT","https://github.com/nestjs/nest"
"@nestjs/platform-express@7.5.5","MIT","https://github.com/nestjs/nest"
"@nestjs/schematics@7.2.5","MIT","https://github.com/nestjs/schematics"
"@nestjs/testing@7.5.5","MIT","https://github.com/nestjs/nest"
"@nuxtjs/opencollective@0.3.2","MIT","https://github.com/nuxt-contrib/opencollective"
"@schematics/schematics@0.1100.1","MIT","https://github.com/angular/angular-cli"
"@sinonjs/commons@1.8.1","BSD-3-Clause","https://github.com/sinonjs/commons"
"@types/anymatch@1.3.1","MIT","https://github.com/DefinitelyTyped/DefinitelyTyped"
"@types/babel__core@7.1.12","MIT","https://github.com/DefinitelyTyped/DefinitelyTyped"
"@types/babel__generator@7.6.2","MIT","https://github.com/DefinitelyTyped/DefinitelyTyped"
"@types/babel__template@7.4.0","MIT","https://github.com/DefinitelyTyped/DefinitelyTyped"
"@types/babel__traverse@7.11.0","MIT","https://github.com/DefinitelyTyped/DefinitelyTyped"
"@types/body-parser@1.19.0","MIT","https://github.com/DefinitelyTyped/DefinitelyTyped"
"@types/connect@3.4.34","MIT","https://github.com/DefinitelyTyped/DefinitelyTyped"
"@types/cookiejar@2.1.2","MIT","https://github.com/DefinitelyTyped/DefinitelyTyped"
"@types/eslint-scope@3.7.0","MIT","https://github.com/DefinitelyTyped/DefinitelyTyped"
"@types/eslint-visitor-keys@1.0.0","MIT","https://github.com/DefinitelyTyped/DefinitelyTyped"
"@types/eslint@7.2.6","MIT","https://github.com/DefinitelyTyped/DefinitelyTyped"
"@types/estree@0.0.45","MIT","https://github.com/DefinitelyTyped/DefinitelyTyped"
"@types/express-serve-static-core@4.17.15","MIT","https://github.com/DefinitelyTyped/DefinitelyTyped"
"@types/express@4.17.9","MIT","https://github.com/DefinitelyTyped/DefinitelyTyped"
"@types/graceful-fs@4.1.4","MIT","https://github.com/DefinitelyTyped/DefinitelyTyped"
"@types/istanbul-lib-coverage@2.0.3","MIT","https://github.com/DefinitelyTyped/DefinitelyTyped"
"@types/istanbul-lib-report@3.0.0","MIT","https://github.com/DefinitelyTyped/DefinitelyTyped"
"@types/istanbul-reports@1.1.2","MIT","https://github.com/DefinitelyTyped/DefinitelyTyped"
"@types/istanbul-reports@3.0.0","MIT","https://github.com/DefinitelyTyped/DefinitelyTyped"
"@types/jest@25.1.4","MIT","https://github.com/DefinitelyTyped/DefinitelyTyped"
"@types/jest@26.0.18","MIT","https://github.com/DefinitelyTyped/DefinitelyTyped"
"@types/json-schema@7.0.6","MIT","https://github.com/DefinitelyTyped/DefinitelyTyped"
"@types/json5@0.0.29","MIT","https://github.com/DefinitelyTyped/DefinitelyTyped"
"@types/mime@2.0.3","MIT","https://github.com/DefinitelyTyped/DefinitelyTyped"
"@types/node@13.13.35","MIT","https://github.com/DefinitelyTyped/DefinitelyTyped"
"@types/normalize-package-data@2.4.0","MIT","https://github.com/DefinitelyTyped/DefinitelyTyped"
"@types/parse-json@4.0.0","MIT","https://github.com/DefinitelyTyped/DefinitelyTyped"
"@types/prettier@1.19.1","MIT","https://github.com/DefinitelyTyped/DefinitelyTyped"
"@types/qs@6.9.5","MIT","https://github.com/DefinitelyTyped/DefinitelyTyped"
"@types/range-parser@1.2.3","MIT","https://github.com/DefinitelyTyped/DefinitelyTyped"
"@types/serve-static@1.13.8","MIT","https://github.com/DefinitelyTyped/DefinitelyTyped"
"@types/source-list-map@0.1.2","MIT","https://github.com/DefinitelyTyped/DefinitelyTyped"
"@types/stack-utils@1.0.1","MIT","https://github.com/DefinitelyTyped/DefinitelyTyped"
"@types/superagent@4.1.10","MIT","https://github.com/DefinitelyTyped/DefinitelyTyped"
"@types/supertest@2.0.10","MIT","https://github.com/DefinitelyTyped/DefinitelyTyped"
"@types/tapable@1.0.6","MIT","https://github.com/DefinitelyTyped/DefinitelyTyped"
"@types/uglify-js@3.11.1","MIT","https://github.com/DefinitelyTyped/DefinitelyTyped"
"@types/webpack-sources@2.1.0","MIT","https://github.com/DefinitelyTyped/DefinitelyTyped"
"@types/webpack@4.41.25","MIT","https://github.com/DefinitelyTyped/DefinitelyTyped"
"@types/yargs-parser@15.0.0","MIT","https://github.com/DefinitelyTyped/DefinitelyTyped"
"@types/yargs@15.0.11","MIT","https://github.com/DefinitelyTyped/DefinitelyTyped"
"@typescript-eslint/eslint-plugin@2.34.0","MIT","https://github.com/typescript-eslint/typescript-eslint"
"@typescript-eslint/experimental-utils@2.34.0","MIT","https://github.com/typescript-eslint/typescript-eslint"
"@typescript-eslint/parser@2.34.0","BSD-2-Clause","https://github.com/typescript-eslint/typescript-eslint"
"@typescript-eslint/typescript-estree@2.34.0","BSD-2-Clause","https://github.com/typescript-eslint/typescript-eslint"
"@webassemblyjs/ast@1.9.0","MIT","https://github.com/xtuc/webassemblyjs"
"@webassemblyjs/floating-point-hex-parser@1.9.0","MIT","https://github.com/xtuc/webassemblyjs"
"@webassemblyjs/helper-api-error@1.9.0","MIT",""
"@webassemblyjs/helper-buffer@1.9.0","MIT","https://github.com/xtuc/webassemblyjs"
"@webassemblyjs/helper-code-frame@1.9.0","MIT","https://github.com/xtuc/webassemblyjs"
"@webassemblyjs/helper-fsm@1.9.0","ISC",""
"@webassemblyjs/helper-module-context@1.9.0","MIT","https://github.com/xtuc/webassemblyjs"
"@webassemblyjs/helper-wasm-bytecode@1.9.0","MIT","https://github.com/xtuc/webassemblyjs"
"@webassemblyjs/helper-wasm-section@1.9.0","MIT","https://github.com/xtuc/webassemblyjs"
"@webassemblyjs/ieee754@1.9.0","MIT",""
"@webassemblyjs/leb128@1.9.0","MIT",""
"@webassemblyjs/utf8@1.9.0","MIT","https://github.com/xtuc/webassemblyjs"
"@webassemblyjs/wasm-edit@1.9.0","MIT","https://github.com/xtuc/webassemblyjs"
"@webassemblyjs/wasm-gen@1.9.0","MIT","https://github.com/xtuc/webassemblyjs"
"@webassemblyjs/wasm-opt@1.9.0","MIT","https://github.com/xtuc/webassemblyjs"
"@webassemblyjs/wasm-parser@1.9.0","MIT","https://github.com/xtuc/webassemblyjs"
"@webassemblyjs/wast-parser@1.9.0","MIT","https://github.com/xtuc/webassemblyjs"
"@webassemblyjs/wast-printer@1.9.0","MIT","https://github.com/xtuc/webassemblyjs"
"@xtuc/ieee754@1.2.0","BSD-3-Clause","https://github.com/feross/ieee754"
"@xtuc/long@4.2.2","Apache-2.0","https://github.com/dcodeIO/long.js"
"abab@2.0.5","BSD-3-Clause","https://github.com/jsdom/abab"
"abbrev@1.1.1","ISC","https://github.com/isaacs/abbrev-js"
"accepts@1.3.7","MIT","https://github.com/jshttp/accepts"
"acorn-globals@4.3.4","MIT","https://github.com/ForbesLindesay/acorn-globals"
"acorn-jsx@5.3.1","MIT","https://github.com/acornjs/acorn-jsx"
"acorn-walk@6.2.0","MIT","https://github.com/acornjs/acorn"
"acorn@6.4.2","MIT","https://github.com/acornjs/acorn"
"acorn@7.4.1","MIT","https://github.com/acornjs/acorn"
"acorn@8.0.4","MIT","https://github.com/acornjs/acorn"
"ajv-keywords@3.5.2","MIT","https://github.com/epoberezkin/ajv-keywords"
"ajv@6.12.6","MIT","https://github.com/ajv-validator/ajv"
"ansi-colors@4.1.1","MIT","https://github.com/doowb/ansi-colors"
"ansi-escapes@4.3.1","MIT","https://github.com/sindresorhus/ansi-escapes"
"ansi-regex@2.1.1","MIT","https://github.com/chalk/ansi-regex"
"ansi-regex@3.0.0","MIT","https://github.com/chalk/ansi-regex"
"ansi-regex@4.1.0","MIT","https://github.com/chalk/ansi-regex"
"ansi-regex@5.0.0","MIT","https://github.com/chalk/ansi-regex"
"ansi-styles@3.2.1","MIT","https://github.com/chalk/ansi-styles"
"ansi-styles@4.3.0","MIT","https://github.com/chalk/ansi-styles"
"anymatch@2.0.0","ISC","https://github.com/micromatch/anymatch"
"anymatch@3.1.1","ISC","https://github.com/micromatch/anymatch"
"append-field@1.0.0","MIT","https://github.com/LinusU/node-append-field"
"arg@4.1.3","MIT","https://github.com/zeit/arg"
"argparse@1.0.10","MIT","https://github.com/nodeca/argparse"
"arr-diff@4.0.0","MIT","https://github.com/jonschlinkert/arr-diff"
"arr-flatten@1.1.0","MIT","https://github.com/jonschlinkert/arr-flatten"
"arr-union@3.1.0","MIT","https://github.com/jonschlinkert/arr-union"
"array-equal@1.0.0","MIT","https://github.com/component/array-equal"
"array-find-index@1.0.2","MIT","https://github.com/sindresorhus/array-find-index"
"array-flatten@1.1.1","MIT","https://github.com/blakeembrey/array-flatten"
"array-includes@3.1.2","MIT","https://github.com/es-shims/array-includes"
"array-unique@0.3.2","MIT","https://github.com/jonschlinkert/array-unique"
"array.prototype.flat@1.2.4","MIT","https://github.com/es-shims/Array.prototype.flat"
"asap@2.0.6","MIT","https://github.com/kriskowal/asap"
"asn1@0.2.4","MIT","https://github.com/joyent/node-asn1"
"assert-plus@1.0.0","MIT","https://github.com/mcavage/node-assert-plus"
"assign-symbols@1.0.0","MIT","https://github.com/jonschlinkert/assign-symbols"
"astral-regex@1.0.0","MIT","https://github.com/kevva/astral-regex"
"asynckit@0.4.0","MIT","https://github.com/alexindigo/asynckit"
"at-least-node@1.0.0","ISC","https://github.com/RyanZim/at-least-node"
"atob@2.1.2","(MIT OR Apache-2.0)","git://git.coolaj86.com/coolaj86/atob.js"
"aws-sign2@0.7.0","Apache-2.0","https://github.com/mikeal/aws-sign"
"aws4@1.11.0","MIT","https://github.com/mhart/aws4"
"axios@0.21.0","MIT","https://github.com/axios/axios"
"babel-jest@25.5.1","MIT","https://github.com/facebook/jest"
"babel-plugin-istanbul@6.0.0","BSD-3-Clause","https://github.com/istanbuljs/babel-plugin-istanbul"
"babel-plugin-jest-hoist@25.5.0","MIT","https://github.com/facebook/jest"
"babel-preset-current-node-syntax@0.1.4","MIT","https://github.com/nicolo-ribaudo/babel-preset-current-node-syntax"
"babel-preset-jest@25.5.0","MIT","https://github.com/facebook/jest"
"backend@0.0.0","UNKNOWN",""
"balanced-match@1.0.0","MIT","https://github.com/juliangruber/balanced-match"
"base@0.11.2","MIT","https://github.com/node-base/base"
"bcrypt-pbkdf@1.0.2","BSD-3-Clause","https://github.com/joyent/node-bcrypt-pbkdf"
"big.js@5.2.2","MIT","https://github.com/MikeMcl/big.js"
"binary-extensions@2.1.0","MIT","https://github.com/sindresorhus/binary-extensions"
"body-parser@1.19.0","MIT","https://github.com/expressjs/body-parser"
"brace-expansion@1.1.11","MIT","https://github.com/juliangruber/brace-expansion"
"braces@2.3.2","MIT","https://github.com/micromatch/braces"
"braces@3.0.2","MIT","https://github.com/micromatch/braces"
"browser-process-hrtime@1.0.0","BSD-2-Clause","https://github.com/kumavis/browser-process-hrtime"
"browser-resolve@1.11.3","MIT","https://github.com/shtylman/node-browser-resolve"
"browserslist@4.15.0","MIT","https://github.com/browserslist/browserslist"
"bs-logger@0.2.6","MIT","https://github.com/huafu/bs-logger"
"bser@2.1.1","Apache-2.0","https://github.com/facebook/watchman"
"buffer-from@1.1.1","MIT","https://github.com/LinusU/buffer-from"
"busboy@0.2.14","MIT","https://github.com/mscdex/busboy"
"bytes@3.1.0","MIT","https://github.com/visionmedia/bytes.js"
"cache-base@1.0.1","MIT","https://github.com/jonschlinkert/cache-base"
"call-bind@1.0.0","MIT","https://github.com/ljharb/call-bind"
"callsites@3.1.0","MIT","https://github.com/sindresorhus/callsites"
"camelcase@5.3.1","MIT","https://github.com/sindresorhus/camelcase"
"caniuse-lite@1.0.30001165","CC-BY-4.0","https://github.com/ben-eb/caniuse-lite"
"capture-exit@2.0.0","ISC","https://github.com/stefanpenner/capture-exit"
"caseless@0.12.0","Apache-2.0","https://github.com/mikeal/caseless"
"chalk@2.4.2","MIT","https://github.com/chalk/chalk"
"chalk@3.0.0","MIT","https://github.com/chalk/chalk"
"chalk@4.1.0","MIT","https://github.com/chalk/chalk"
"chardet@0.7.0","MIT","https://github.com/runk/node-chardet"
"chokidar@3.4.3","MIT","https://github.com/paulmillr/chokidar"
"chrome-trace-event@1.0.2","MIT","github.com:samccone/chrome-trace-event"
"ci-info@2.0.0","MIT","https://github.com/watson/ci-info"
"class-utils@0.3.6","MIT","https://github.com/jonschlinkert/class-utils"
"cli-cursor@3.1.0","MIT","https://github.com/sindresorhus/cli-cursor"
"cli-spinners@2.5.0","MIT","https://github.com/sindresorhus/cli-spinners"
"cli-table3@0.5.1","MIT","https://github.com/cli-table/cli-table3"
"cli-width@3.0.0","ISC","https://github.com/knownasilya/cli-width"
"cliui@4.1.0","ISC","https://github.com/yargs/cliui"
"cliui@6.0.0","ISC","https://github.com/yargs/cliui"
"clone@1.0.4","MIT","https://github.com/pvorb/node-clone"
"co@4.6.0","MIT","https://github.com/tj/co"
"code-point-at@1.1.0","MIT","https://github.com/sindresorhus/code-point-at"
"collect-v8-coverage@1.0.1","MIT","https://github.com/SimenB/collect-v8-coverage"
"collection-visit@1.0.0","MIT","https://github.com/jonschlinkert/collection-visit"
"color-convert@1.9.3","MIT","https://github.com/Qix-/color-convert"
"color-convert@2.0.1","MIT","https://github.com/Qix-/color-convert"
"color-name@1.1.3","MIT","https://github.com/dfcreative/color-name"
"color-name@1.1.4","MIT","https://github.com/colorjs/color-name"
"colorette@1.2.1","MIT","https://github.com/jorgebucaran/colorette"
"colors@1.4.0","MIT","https://github.com/Marak/colors.js"
"combined-stream@1.0.8","MIT","https://github.com/felixge/node-combined-stream"
"commander@2.20.3","MIT","https://github.com/tj/commander.js"
"commander@4.1.1","MIT","https://github.com/tj/commander.js"
"component-emitter@1.3.0","MIT","https://github.com/component/emitter"
"concat-map@0.0.1","MIT","https://github.com/substack/node-concat-map"
"concat-stream@1.6.2","MIT","https://github.com/maxogden/concat-stream"
"consola@2.15.0","MIT","https://github.com/nuxt/consola"
"contains-path@0.1.0","MIT","https://github.com/jonschlinkert/contains-path"
"content-disposition@0.5.3","MIT","https://github.com/jshttp/content-disposition"
"content-type@1.0.4","MIT","https://github.com/jshttp/content-type"
"convert-source-map@1.7.0","MIT","https://github.com/thlorenz/convert-source-map"
"cookie-signature@1.0.6","MIT","https://github.com/visionmedia/node-cookie-signature"
"cookie@0.4.0","MIT","https://github.com/jshttp/cookie"
"cookiejar@2.1.2","MIT","https://github.com/bmeck/node-cookiejar"
"copy-descriptor@0.1.1","MIT","https://github.com/jonschlinkert/copy-descriptor"
"core-util-is@1.0.2","MIT","https://github.com/isaacs/core-util-is"
"cors@2.8.5","MIT","https://github.com/expressjs/cors"
"cosmiconfig@6.0.0","MIT","https://github.com/davidtheclark/cosmiconfig"
"cp-cli@2.0.0","MIT","https://github.com/screendriver/cp-cli"
"cross-spawn@6.0.5","MIT","https://github.com/moxystudio/node-cross-spawn"
"cross-spawn@7.0.3","MIT","https://github.com/moxystudio/node-cross-spawn"
"cssom@0.3.8","MIT","https://github.com/NV/CSSOM"
"cssom@0.4.4","MIT","https://github.com/NV/CSSOM"
"cssstyle@2.3.0","MIT","https://github.com/jsdom/cssstyle"
"dashdash@1.14.1","MIT","https://github.com/trentm/node-dashdash"
"data-urls@1.1.0","MIT","https://github.com/jsdom/data-urls"
"debug@2.6.9","MIT","https://github.com/visionmedia/debug"
"debug@3.2.7","MIT","https://github.com/visionmedia/debug"
"debug@4.3.1","MIT","https://github.com/visionmedia/debug"
"debuglog@1.0.1","MIT","https://github.com/sam-github/node-debuglog"
"decamelize@1.2.0","MIT","https://github.com/sindresorhus/decamelize"
"decode-uri-component@0.2.0","MIT","https://github.com/SamVerschueren/decode-uri-component"
"deep-is@0.1.3","MIT","https://github.com/thlorenz/deep-is"
"deepmerge@4.2.2","MIT","https://github.com/TehShrike/deepmerge"
"defaults@1.0.3","MIT","https://github.com/tmpvar/defaults"
"define-properties@1.1.3","MIT","https://github.com/ljharb/define-properties"
"define-property@0.2.5","MIT","https://github.com/jonschlinkert/define-property"
"define-property@1.0.0","MIT","https://github.com/jonschlinkert/define-property"
"define-property@2.0.2","MIT","https://github.com/jonschlinkert/define-property"
"delayed-stream@1.0.0","MIT","https://github.com/felixge/node-delayed-stream"
"depd@1.1.2","MIT","https://github.com/dougwilson/nodejs-depd"
"destroy@1.0.4","MIT","https://github.com/stream-utils/destroy"
"detect-newline@3.1.0","MIT","https://github.com/sindresorhus/detect-newline"
"dezalgo@1.0.3","ISC","https://github.com/npm/dezalgo"
"dicer@0.2.5","MIT","https://github.com/mscdex/dicer"
"diff-sequences@25.2.6","MIT","https://github.com/facebook/jest"
"diff-sequences@26.6.2","MIT","https://github.com/facebook/jest"
"diff@4.0.2","BSD-3-Clause","https://github.com/kpdecker/jsdiff"
"doctrine@1.5.0","BSD","https://github.com/eslint/doctrine"
"doctrine@3.0.0","Apache-2.0","https://github.com/eslint/doctrine"
"domexception@1.0.1","MIT","https://github.com/jsdom/domexception"
"dotenv@8.2.0","BSD-2-Clause","https://github.com/motdotla/dotenv"
"ecc-jsbn@0.1.2","MIT","https://github.com/quartzjer/ecc-jsbn"
"ee-first@1.1.1","MIT","https://github.com/jonathanong/ee-first"
"electron-to-chromium@1.3.621","ISC","https://github.com/kilian/electron-to-chromium"
"emoji-regex@7.0.3","MIT","https://github.com/mathiasbynens/emoji-regex"
"emoji-regex@8.0.0","MIT","https://github.com/mathiasbynens/emoji-regex"
"emojis-list@3.0.0","MIT","https://github.com/kikobeats/emojis-list"
"encodeurl@1.0.2","MIT","https://github.com/pillarjs/encodeurl"
"end-of-stream@1.4.4","MIT","https://github.com/mafintosh/end-of-stream"
"enhanced-resolve@4.3.0","MIT","https://github.com/webpack/enhanced-resolve"
"enhanced-resolve@5.4.0","MIT","https://github.com/webpack/enhanced-resolve"
"errno@0.1.7","MIT","https://github.com/rvagg/node-errno"
"error-ex@1.3.2","MIT","https://github.com/qix-/node-error-ex"
"es-abstract@1.18.0-next.1","MIT","https://github.com/ljharb/es-abstract"
"es-to-primitive@1.2.1","MIT","https://github.com/ljharb/es-to-primitive"
"escalade@3.1.1","MIT","https://github.com/lukeed/escalade"
"escape-html@1.0.3","MIT","https://github.com/component/escape-html"
"escape-string-regexp@1.0.5","MIT","https://github.com/sindresorhus/escape-string-regexp"
"escape-string-regexp@2.0.0","MIT","https://github.com/sindresorhus/escape-string-regexp"
"escodegen@1.14.3","BSD-2-Clause","https://github.com/estools/escodegen"
"eslint-config-prettier@6.15.0","MIT","https://github.com/prettier/eslint-config-prettier"
"eslint-import-resolver-node@0.3.4","MIT","https://github.com/benmosher/eslint-plugin-import"
"eslint-module-utils@2.6.0","MIT","https://github.com/benmosher/eslint-plugin-import"
"eslint-plugin-import@2.22.1","MIT","https://github.com/benmosher/eslint-plugin-import"
"eslint-scope@5.1.1","BSD-2-Clause","https://github.com/eslint/eslint-scope"
"eslint-utils@1.4.3","MIT","https://github.com/mysticatea/eslint-utils"
"eslint-utils@2.1.0","MIT","https://github.com/mysticatea/eslint-utils"
"eslint-visitor-keys@1.3.0","Apache-2.0","https://github.com/eslint/eslint-visitor-keys"
"eslint@6.8.0","MIT","https://github.com/eslint/eslint"
"espree@6.2.1","BSD-2-Clause","https://github.com/eslint/espree"
"esprima@4.0.1","BSD-2-Clause","https://github.com/jquery/esprima"
"esquery@1.3.1","BSD-3-Clause","https://github.com/estools/esquery"
"esrecurse@4.3.0","BSD-2-Clause","https://github.com/estools/esrecurse"
"estraverse@4.3.0","BSD-2-Clause","https://github.com/estools/estraverse"
"estraverse@5.2.0","BSD-2-Clause","https://github.com/estools/estraverse"
"esutils@2.0.3","BSD-2-Clause","https://github.com/estools/esutils"
"etag@1.8.1","MIT","https://github.com/jshttp/etag"
"events@3.2.0","MIT","https://github.com/Gozala/events"
"exec-sh@0.3.4","MIT","https://github.com/tsertkov/exec-sh"
"execa@1.0.0","MIT","https://github.com/sindresorhus/execa"
"execa@3.4.0","MIT","https://github.com/sindresorhus/execa"
"execa@4.1.0","MIT","https://github.com/sindresorhus/execa"
"exit@0.1.2","MIT","https://github.com/cowboy/node-exit"
"expand-brackets@2.1.4","MIT","https://github.com/jonschlinkert/expand-brackets"
"expect@25.5.0","MIT","https://github.com/facebook/jest"
"express@4.17.1","MIT","https://github.com/expressjs/express"
"extend-shallow@2.0.1","MIT","https://github.com/jonschlinkert/extend-shallow"
"extend-shallow@3.0.2","MIT","https://github.com/jonschlinkert/extend-shallow"
"extend@3.0.2","MIT","https://github.com/justmoon/node-extend"
"external-editor@3.1.0","MIT","https://github.com/mrkmg/node-external-editor"
"extglob@2.0.4","MIT","https://github.com/micromatch/extglob"
"extsprintf@1.3.0","MIT","https://github.com/davepacheco/node-extsprintf"
"fast-deep-equal@3.1.3","MIT","https://github.com/epoberezkin/fast-deep-equal"
"fast-json-stable-stringify@2.1.0","MIT","https://github.com/epoberezkin/fast-json-stable-stringify"
"fast-levenshtein@2.0.6","MIT","https://github.com/hiddentao/fast-levenshtein"
"fast-safe-stringify@2.0.7","MIT","https://github.com/davidmarkclements/fast-safe-stringify"
"fb-watchman@2.0.1","Apache-2.0","https://github.com/facebook/watchman"
"figures@3.2.0","MIT","https://github.com/sindresorhus/figures"
"file-entry-cache@5.0.1","MIT","https://github.com/royriojas/file-entry-cache"
"fill-range@4.0.0","MIT","https://github.com/jonschlinkert/fill-range"
"fill-range@7.0.1","MIT","https://github.com/jonschlinkert/fill-range"
"finalhandler@1.1.2","MIT","https://github.com/pillarjs/finalhandler"
"find-up@2.1.0","MIT","https://github.com/sindresorhus/find-up"
"find-up@3.0.0","MIT","https://github.com/sindresorhus/find-up"
"find-up@4.1.0","MIT","https://github.com/sindresorhus/find-up"
"flat-cache@2.0.1","MIT","https://github.com/royriojas/flat-cache"
"flatted@2.0.2","ISC","https://github.com/WebReflection/flatted"
"follow-redirects@1.13.0","MIT","https://github.com/follow-redirects/follow-redirects"
"for-in@1.0.2","MIT","https://github.com/jonschlinkert/for-in"
"forever-agent@0.6.1","Apache-2.0","https://github.com/mikeal/forever-agent"
"fork-ts-checker-webpack-plugin@6.0.2","MIT","https://github.com/TypeStrong/fork-ts-checker-webpack-plugin"
"form-data@2.3.3","MIT","https://github.com/form-data/form-data"
"formidable@1.2.2","MIT","https://github.com/node-formidable/formidable"
"forwarded@0.1.2","MIT","https://github.com/jshttp/forwarded"
"fragment-cache@0.2.1","MIT","https://github.com/jonschlinkert/fragment-cache"
"fresh@0.5.2","MIT","https://github.com/jshttp/fresh"
"fs-extra@7.0.1","MIT","https://github.com/jprichardson/node-fs-extra"
"fs-extra@9.0.1","MIT","https://github.com/jprichardson/node-fs-extra"
"fs-monkey@1.0.1","Public Domain","https://github.com/streamich/fs-monkey"
"fs.realpath@1.0.0","ISC","https://github.com/isaacs/fs.realpath"
"fsevents@2.1.3","MIT","https://github.com/fsevents/fsevents"
"fsm-sdk@2.1.1","Apache-2.0","https://github.com/sap/fsm-sdk"
"function-bind@1.1.1","MIT","https://github.com/Raynos/function-bind"
"functional-red-black-tree@1.0.1","MIT","https://github.com/mikolalysenko/functional-red-black-tree"
"gensync@1.0.0-beta.2","MIT","https://github.com/loganfsmyth/gensync"
"get-caller-file@1.0.3","ISC","https://github.com/stefanpenner/get-caller-file"
"get-caller-file@2.0.5","ISC","https://github.com/stefanpenner/get-caller-file"
"get-intrinsic@1.0.1","MIT","https://github.com/ljharb/get-intrinsic"
"get-package-type@0.1.0","MIT","https://github.com/cfware/get-package-type"
"get-stdin@6.0.0","MIT","https://github.com/sindresorhus/get-stdin"
"get-stream@4.1.0","MIT","https://github.com/sindresorhus/get-stream"
"get-stream@5.2.0","MIT","https://github.com/sindresorhus/get-stream"
"get-value@2.0.6","MIT","https://github.com/jonschlinkert/get-value"
"getpass@0.1.7","MIT","https://github.com/arekinath/node-getpass"
"glob-parent@5.1.1","ISC","https://github.com/gulpjs/glob-parent"
"glob-to-regexp@0.4.1","BSD-2-Clause","https://github.com/fitzgen/glob-to-regexp"
"glob@7.1.6","ISC","https://github.com/isaacs/node-glob"
"globals@11.12.0","MIT","https://github.com/sindresorhus/globals"
"globals@12.4.0","MIT","https://github.com/sindresorhus/globals"
"graceful-fs@4.2.4","ISC","https://github.com/isaacs/node-graceful-fs"
"growly@1.3.0","MIT","https://github.com/theabraham/growly"
"har-schema@2.0.0","ISC","https://github.com/ahmadnassri/har-schema"
"har-validator@5.1.5","MIT","https://github.com/ahmadnassri/node-har-validator"
"has-flag@3.0.0","MIT","https://github.com/sindresorhus/has-flag"
"has-flag@4.0.0","MIT","https://github.com/sindresorhus/has-flag"
"has-symbols@1.0.1","MIT","https://github.com/ljharb/has-symbols"
"has-value@0.3.1","MIT","https://github.com/jonschlinkert/has-value"
"has-value@1.0.0","MIT","https://github.com/jonschlinkert/has-value"
"has-values@0.1.4","MIT","https://github.com/jonschlinkert/has-values"
"has-values@1.0.0","MIT","https://github.com/jonschlinkert/has-values"
"has@1.0.3","MIT","https://github.com/tarruda/has"
"hosted-git-info@2.8.8","ISC","https://github.com/npm/hosted-git-info"
"html-encoding-sniffer@1.0.2","MIT","https://github.com/jsdom/html-encoding-sniffer"
"html-escaper@2.0.2","MIT","https://github.com/WebReflection/html-escaper"
"http-errors@1.7.2","MIT","https://github.com/jshttp/http-errors"
"http-signature@1.2.0","MIT","https://github.com/joyent/node-http-signature"
"human-signals@1.1.1","Apache-2.0","https://github.com/ehmicky/human-signals"
"iconv-lite@0.4.24","MIT","https://github.com/ashtuchkin/iconv-lite"
"ignore@4.0.6","MIT","https://github.com/kaelzhang/node-ignore"
"import-fresh@3.2.2","MIT","https://github.com/sindresorhus/import-fresh"
"import-local@3.0.2","MIT","https://github.com/sindresorhus/import-local"
"imurmurhash@0.1.4","MIT","https://github.com/jensyt/imurmurhash-js"
"inflight@1.0.6","ISC","https://github.com/npm/inflight"
"inherits@2.0.3","ISC","https://github.com/isaacs/inherits"
"inquirer@7.3.3","MIT","https://github.com/SBoudrias/Inquirer.js"
"interpret@1.4.0","MIT","https://github.com/gulpjs/interpret"
"invert-kv@2.0.0","MIT","https://github.com/sindresorhus/invert-kv"
"ip-regex@2.1.0","MIT","https://github.com/sindresorhus/ip-regex"
"ipaddr.js@1.9.1","MIT","https://github.com/whitequark/ipaddr.js"
"is-accessor-descriptor@0.1.6","MIT","https://github.com/jonschlinkert/is-accessor-descriptor"
"is-accessor-descriptor@1.0.0","MIT","https://github.com/jonschlinkert/is-accessor-descriptor"
"is-arrayish@0.2.1","MIT","https://github.com/qix-/node-is-arrayish"
"is-binary-path@2.1.0","MIT","https://github.com/sindresorhus/is-binary-path"
"is-buffer@1.1.6","MIT","https://github.com/feross/is-buffer"
"is-callable@1.2.2","MIT","https://github.com/ljharb/is-callable"
"is-ci@2.0.0","MIT","https://github.com/watson/is-ci"
"is-core-module@2.2.0","MIT","https://github.com/inspect-js/is-core-module"
"is-data-descriptor@0.1.4","MIT","https://github.com/jonschlinkert/is-data-descriptor"
"is-data-descriptor@1.0.0","MIT","https://github.com/jonschlinkert/is-data-descriptor"
"is-date-object@1.0.2","MIT","https://github.com/ljharb/is-date-object"
"is-descriptor@0.1.6","MIT","https://github.com/jonschlinkert/is-descriptor"
"is-descriptor@1.0.2","MIT","https://github.com/jonschlinkert/is-descriptor"
"is-docker@2.1.1","MIT","https://github.com/sindresorhus/is-docker"
"is-extendable@0.1.1","MIT","https://github.com/jonschlinkert/is-extendable"
"is-extendable@1.0.1","MIT","https://github.com/jonschlinkert/is-extendable"
"is-extglob@2.1.1","MIT","https://github.com/jonschlinkert/is-extglob"
"is-fullwidth-code-point@1.0.0","MIT","https://github.com/sindresorhus/is-fullwidth-code-point"
"is-fullwidth-code-point@2.0.0","MIT","https://github.com/sindresorhus/is-fullwidth-code-point"
"is-fullwidth-code-point@3.0.0","MIT","https://github.com/sindresorhus/is-fullwidth-code-point"
"is-generator-fn@2.1.0","MIT","https://github.com/sindresorhus/is-generator-fn"
"is-glob@4.0.1","MIT","https://github.com/micromatch/is-glob"
"is-interactive@1.0.0","MIT","https://github.com/sindresorhus/is-interactive"
"is-negative-zero@2.0.1","MIT","https://github.com/inspect-js/is-negative-zero"
"is-number@3.0.0","MIT","https://github.com/jonschlinkert/is-number"
"is-number@7.0.0","MIT","https://github.com/jonschlinkert/is-number"
"is-plain-object@2.0.4","MIT","https://github.com/jonschlinkert/is-plain-object"
"is-regex@1.1.1","MIT","https://github.com/ljharb/is-regex"
"is-stream@1.1.0","MIT","https://github.com/sindresorhus/is-stream"
"is-stream@2.0.0","MIT","https://github.com/sindresorhus/is-stream"
"is-string@1.0.5","MIT","https://github.com/ljharb/is-string"
"is-symbol@1.0.3","MIT","https://github.com/inspect-js/is-symbol"
"is-typedarray@1.0.0","MIT","https://github.com/hughsk/is-typedarray"
"is-windows@1.0.2","MIT","https://github.com/jonschlinkert/is-windows"
"is-wsl@2.2.0","MIT","https://github.com/sindresorhus/is-wsl"
"isarray@0.0.1","MIT","https://github.com/juliangruber/isarray"
"isarray@1.0.0","MIT","https://github.com/juliangruber/isarray"
"isexe@2.0.0","ISC","https://github.com/isaacs/isexe"
"isobject@2.1.0","MIT","https://github.com/jonschlinkert/isobject"
"isobject@3.0.1","MIT","https://github.com/jonschlinkert/isobject"
"isomorphic-fetch@3.0.0","MIT","https://github.com/matthew-andrews/isomorphic-fetch"
"isstream@0.1.2","MIT","https://github.com/rvagg/isstream"
"istanbul-lib-coverage@3.0.0","BSD-3-Clause","https://github.com/istanbuljs/istanbuljs"
"istanbul-lib-instrument@4.0.3","BSD-3-Clause","https://github.com/istanbuljs/istanbuljs"
"istanbul-lib-report@3.0.0","BSD-3-Clause","https://github.com/istanbuljs/istanbuljs"
"istanbul-lib-source-maps@4.0.0","BSD-3-Clause","https://github.com/istanbuljs/istanbuljs"
"istanbul-reports@3.0.2","BSD-3-Clause","https://github.com/istanbuljs/istanbuljs"
"iterare@1.2.1","ISC","https://github.com/felixfbecker/iterare"
"jest-changed-files@25.5.0","MIT","https://github.com/facebook/jest"
"jest-cli@25.5.4","MIT","https://github.com/facebook/jest"
"jest-config@25.5.4","MIT","https://github.com/facebook/jest"
"jest-diff@25.5.0","MIT","https://github.com/facebook/jest"
"jest-diff@26.6.2","MIT","https://github.com/facebook/jest"
"jest-docblock@25.3.0","MIT","https://github.com/facebook/jest"
"jest-each@25.5.0","MIT","https://github.com/facebook/jest"
"jest-environment-jsdom@25.5.0","MIT","https://github.com/facebook/jest"
"jest-environment-node@25.5.0","MIT","https://github.com/facebook/jest"
"jest-get-type@25.2.6","MIT","https://github.com/facebook/jest"
"jest-get-type@26.3.0","MIT","https://github.com/facebook/jest"
"jest-haste-map@25.5.1","MIT","https://github.com/facebook/jest"
"jest-jasmine2@25.5.4","MIT","https://github.com/facebook/jest"
"jest-leak-detector@25.5.0","MIT","https://github.com/facebook/jest"
"jest-matcher-utils@25.5.0","MIT","https://github.com/facebook/jest"
"jest-message-util@25.5.0","MIT","https://github.com/facebook/jest"
"jest-mock@25.5.0","MIT","https://github.com/facebook/jest"
"jest-pnp-resolver@1.2.2","MIT","https://github.com/arcanis/jest-pnp-resolver"
"jest-regex-util@25.2.6","MIT","https://github.com/facebook/jest"
"jest-resolve-dependencies@25.5.4","MIT","https://github.com/facebook/jest"
"jest-resolve@25.5.1","MIT","https://github.com/facebook/jest"
"jest-runner@25.5.4","MIT","https://github.com/facebook/jest"
"jest-runtime@25.5.4","MIT","https://github.com/facebook/jest"
"jest-serializer@25.5.0","MIT","https://github.com/facebook/jest"
"jest-snapshot@25.5.1","MIT","https://github.com/facebook/jest"
"jest-util@25.5.0","MIT","https://github.com/facebook/jest"
"jest-util@26.6.2","MIT","https://github.com/facebook/jest"
"jest-validate@25.5.0","MIT","https://github.com/facebook/jest"
"jest-watcher@25.5.0","MIT","https://github.com/facebook/jest"
"jest-worker@25.5.0","MIT","https://github.com/facebook/jest"
"jest-worker@26.6.2","MIT","https://github.com/facebook/jest"
"jest@25.5.4","MIT","https://github.com/facebook/jest"
"js-tokens@4.0.0","MIT","https://github.com/lydell/js-tokens"
"js-yaml@3.14.1","MIT","https://github.com/nodeca/js-yaml"
"jsbn@0.1.1","MIT","https://github.com/andyperlitch/jsbn"
"jsdom@15.2.1","MIT","https://github.com/jsdom/jsdom"
"jsesc@2.5.2","MIT","https://github.com/mathiasbynens/jsesc"
"json-parse-better-errors@1.0.2","MIT","https://github.com/zkat/json-parse-better-errors"
"json-parse-even-better-errors@2.3.1","MIT","https://github.com/npm/json-parse-even-better-errors"
"json-schema-traverse@0.4.1","MIT","https://github.com/epoberezkin/json-schema-traverse"
"json-schema@0.2.3","AFLv2.1,BSD","https://github.com/kriszyp/json-schema"
"json-stable-stringify-without-jsonify@1.0.1","MIT","https://github.com/samn/json-stable-stringify"
"json-stringify-safe@5.0.1","ISC","https://github.com/isaacs/json-stringify-safe"
"json5@1.0.1","MIT","https://github.com/json5/json5"
"json5@2.1.3","MIT","https://github.com/json5/json5"
"jsonfile@4.0.0","MIT","https://github.com/jprichardson/node-jsonfile"
"jsonfile@6.1.0","MIT","https://github.com/jprichardson/node-jsonfile"
"jsprim@1.4.1","MIT","https://github.com/joyent/node-jsprim"
"kind-of@3.2.2","MIT","https://github.com/jonschlinkert/kind-of"
"kind-of@4.0.0","MIT","https://github.com/jonschlinkert/kind-of"
"kind-of@5.1.0","MIT","https://github.com/jonschlinkert/kind-of"
"kind-of@6.0.3","MIT","https://github.com/jonschlinkert/kind-of"
"kleur@3.0.3","MIT","https://github.com/lukeed/kleur"
"lcid@2.0.0","MIT","https://github.com/sindresorhus/lcid"
"leven@3.1.0","MIT","https://github.com/sindresorhus/leven"
"levn@0.3.0","MIT","https://github.com/gkz/levn"
"license-checker@25.0.1","BSD-3-Clause","https://github.com/davglass/license-checker"
"lines-and-columns@1.1.6","MIT","https://github.com/eventualbuddha/lines-and-columns"
"load-json-file@2.0.0","MIT","https://github.com/sindresorhus/load-json-file"
"loader-runner@4.1.0","MIT","https://github.com/webpack/loader-runner"
"loader-utils@1.4.0","MIT","https://github.com/webpack/loader-utils"
"locate-path@2.0.0","MIT","https://github.com/sindresorhus/locate-path"
"locate-path@3.0.0","MIT","https://github.com/sindresorhus/locate-path"
"locate-path@5.0.0","MIT","https://github.com/sindresorhus/locate-path"
"lodash.memoize@4.1.2","MIT","https://github.com/lodash/lodash"
"lodash.sortby@4.7.0","MIT","https://github.com/lodash/lodash"
"lodash.toarray@4.4.0","MIT","https://github.com/lodash/lodash"
"lodash@4.17.20","MIT","https://github.com/lodash/lodash"
"log-symbols@4.0.0","MIT","https://github.com/sindresorhus/log-symbols"
"lolex@5.1.2","BSD-3-Clause","https://github.com/sinonjs/lolex"
"lru-cache@6.0.0","ISC","https://github.com/isaacs/node-lru-cache"
"macos-release@2.4.1","MIT","https://github.com/sindresorhus/macos-release"
"magic-string@0.25.7","MIT","https://github.com/rich-harris/magic-string"
"make-dir@3.1.0","MIT","https://github.com/sindresorhus/make-dir"
"make-error@1.3.6","ISC","https://github.com/JsCommunity/make-error"
"makeerror@1.0.11","BSD-3-Clause","https://github.com/daaku/nodejs-makeerror"
"map-age-cleaner@0.1.3","MIT","https://github.com/SamVerschueren/map-age-cleaner"
"map-cache@0.2.2","MIT","https://github.com/jonschlinkert/map-cache"
"map-visit@1.0.0","MIT","https://github.com/jonschlinkert/map-visit"
"media-typer@0.3.0","MIT","https://github.com/jshttp/media-typer"
"mem@4.3.0","MIT","https://github.com/sindresorhus/mem"
"memfs@3.2.0","Public Domain","https://github.com/streamich/memfs"
"memory-fs@0.5.0","MIT","https://github.com/webpack/memory-fs"
"merge-descriptors@1.0.1","MIT","https://github.com/component/merge-descriptors"
"merge-stream@2.0.0","MIT","https://github.com/grncdr/merge-stream"
"methods@1.1.2","MIT","https://github.com/jshttp/methods"
"micromatch@3.1.10","MIT","https://github.com/micromatch/micromatch"
"micromatch@4.0.2","MIT","https://github.com/micromatch/micromatch"
"mime-db@1.44.0","MIT","https://github.com/jshttp/mime-db"
"mime-types@2.1.27","MIT","https://github.com/jshttp/mime-types"
"mime@1.6.0","MIT","https://github.com/broofa/node-mime"
"mimic-fn@2.1.0","MIT","https://github.com/sindresorhus/mimic-fn"
"minimatch@3.0.4","ISC","https://github.com/isaacs/minimatch"
"minimist@1.2.5","MIT","https://github.com/substack/minimist"
"mixin-deep@1.3.2","MIT","https://github.com/jonschlinkert/mixin-deep"
"mkdirp@0.5.5","MIT","https://github.com/substack/node-mkdirp"
"mkdirp@1.0.4","MIT","https://github.com/isaacs/node-mkdirp"
"moment@2.29.1","MIT","https://github.com/moment/moment"
"ms@2.0.0","MIT","https://github.com/zeit/ms"
"ms@2.1.1","MIT","https://github.com/zeit/ms"
"ms@2.1.2","MIT","https://github.com/zeit/ms"
"ms@2.1.3","MIT","https://github.com/vercel/ms"
"multer@1.4.2","MIT","https://github.com/expressjs/multer"
"mute-stream@0.0.8","ISC","https://github.com/isaacs/mute-stream"
"nanomatch@1.2.13","MIT","https://github.com/micromatch/nanomatch"
"natural-compare@1.4.0","MIT","https://github.com/litejs/natural-compare-lite"
"negotiator@0.6.2","MIT","https://github.com/jshttp/negotiator"
"neo-async@2.6.2","MIT","https://github.com/suguru03/neo-async"
"nice-try@1.0.5","MIT","https://github.com/electerious/nice-try"
"node-emoji@1.10.0","MIT","https://github.com/omnidan/node-emoji"
"node-fetch@2.6.1","MIT","https://github.com/bitinn/node-fetch"
"node-int64@0.4.0","MIT","https://github.com/broofa/node-int64"
"node-modules-regexp@1.0.0","MIT","https://github.com/jamestalmage/node-modules-regexp"
"node-notifier@6.0.0","MIT","https://github.com/mikaelbr/node-notifier"
"node-releases@1.1.67","MIT","https://github.com/chicoxyzzy/node-releases"
"nopt@4.0.3","ISC","https://github.com/npm/nopt"
"normalize-package-data@2.5.0","BSD-2-Clause","https://github.com/npm/normalize-package-data"
"normalize-path@2.1.1","MIT","https://github.com/jonschlinkert/normalize-path"
"normalize-path@3.0.0","MIT","https://github.com/jonschlinkert/normalize-path"
"npm-normalize-package-bin@1.0.1","ISC","https://github.com/npm/npm-normalize-package-bin"
"npm-run-path@2.0.2","MIT","https://github.com/sindresorhus/npm-run-path"
"npm-run-path@4.0.1","MIT","https://github.com/sindresorhus/npm-run-path"
"number-is-nan@1.0.1","MIT","https://github.com/sindresorhus/number-is-nan"
"nwsapi@2.2.0","MIT","https://github.com/dperini/nwsapi"
"oauth-sign@0.9.0","Apache-2.0","https://github.com/mikeal/oauth-sign"
"object-assign@4.1.1","MIT","https://github.com/sindresorhus/object-assign"
"object-copy@0.1.0","MIT","https://github.com/jonschlinkert/object-copy"
"object-hash@2.0.3","MIT","https://github.com/puleos/object-hash"
"object-inspect@1.9.0","MIT","https://github.com/inspect-js/object-inspect"
"object-keys@1.1.1","MIT","https://github.com/ljharb/object-keys"
"object-visit@1.0.1","MIT","https://github.com/jonschlinkert/object-visit"
"object.assign@4.1.2","MIT","https://github.com/ljharb/object.assign"
"object.pick@1.3.0","MIT","https://github.com/jonschlinkert/object.pick"
"object.values@1.1.2","MIT","https://github.com/es-shims/Object.values"
"on-finished@2.3.0","MIT","https://github.com/jshttp/on-finished"
"once@1.4.0","ISC","https://github.com/isaacs/once"
"onetime@5.1.2","MIT","https://github.com/sindresorhus/onetime"
"optional@0.1.4","MIT","https://github.com/tony-o/node-optional"
"optionator@0.8.3","MIT","https://github.com/gkz/optionator"
"ora@5.1.0","MIT","https://github.com/sindresorhus/ora"
"os-homedir@1.0.2","MIT","https://github.com/sindresorhus/os-homedir"
"os-locale@3.1.0","MIT","https://github.com/sindresorhus/os-locale"
"os-name@4.0.0","MIT","https://github.com/sindresorhus/os-name"
"os-tmpdir@1.0.2","MIT","https://github.com/sindresorhus/os-tmpdir"
"osenv@0.1.5","ISC","https://github.com/npm/osenv"
"p-defer@1.0.0","MIT","https://github.com/sindresorhus/p-defer"
"p-each-series@2.2.0","MIT","https://github.com/sindresorhus/p-each-series"
"p-finally@1.0.0","MIT","https://github.com/sindresorhus/p-finally"
"p-finally@2.0.1","MIT","https://github.com/sindresorhus/p-finally"
"p-is-promise@2.1.0","MIT","https://github.com/sindresorhus/p-is-promise"
"p-limit@1.3.0","MIT","https://github.com/sindresorhus/p-limit"
"p-limit@2.3.0","MIT","https://github.com/sindresorhus/p-limit"
"p-limit@3.1.0","MIT","https://github.com/sindresorhus/p-limit"
"p-locate@2.0.0","MIT","https://github.com/sindresorhus/p-locate"
"p-locate@3.0.0","MIT","https://github.com/sindresorhus/p-locate"
"p-locate@4.1.0","MIT","https://github.com/sindresorhus/p-locate"
"p-try@1.0.0","MIT","https://github.com/sindresorhus/p-try"
"p-try@2.2.0","MIT","https://github.com/sindresorhus/p-try"
"parent-module@1.0.1","MIT","https://github.com/sindresorhus/parent-module"
"parse-json@2.2.0","MIT","https://github.com/sindresorhus/parse-json"
"parse-json@5.1.0","MIT","https://github.com/sindresorhus/parse-json"
"parse5@5.1.0","MIT","https://github.com/inikulin/parse5"
"parseurl@1.3.3","MIT","https://github.com/pillarjs/parseurl"
"pascalcase@0.1.1","MIT","https://github.com/jonschlinkert/pascalcase"
"path-exists@3.0.0","MIT","https://github.com/sindresorhus/path-exists"
"path-exists@4.0.0","MIT","https://github.com/sindresorhus/path-exists"
"path-is-absolute@1.0.1","MIT","https://github.com/sindresorhus/path-is-absolute"
"path-key@2.0.1","MIT","https://github.com/sindresorhus/path-key"
"path-key@3.1.1","MIT","https://github.com/sindresorhus/path-key"
"path-parse@1.0.6","MIT","https://github.com/jbgutierrez/path-parse"
"path-to-regexp@0.1.7","MIT","https://github.com/component/path-to-regexp"
"path-to-regexp@3.2.0","MIT","https://github.com/pillarjs/path-to-regexp"
"path-type@2.0.0","MIT","https://github.com/sindresorhus/path-type"
"path-type@4.0.0","MIT","https://github.com/sindresorhus/path-type"
"performance-now@2.1.0","MIT","https://github.com/braveg1rl/performance-now"
"picomatch@2.2.2","MIT","https://github.com/micromatch/picomatch"
"pify@2.3.0","MIT","https://github.com/sindresorhus/pify"
"pirates@4.0.1","MIT","https://github.com/ariporad/pirates"
"pkg-dir@2.0.0","MIT","https://github.com/sindresorhus/pkg-dir"
"pkg-dir@4.2.0","MIT","https://github.com/sindresorhus/pkg-dir"
"pluralize@8.0.0","MIT","https://github.com/blakeembrey/pluralize"
"pn@1.1.0","MIT","https://github.com/cscott/node-pn"
"posix-character-classes@0.1.1","MIT","https://github.com/jonschlinkert/posix-character-classes"
"prelude-ls@1.1.2","MIT","https://github.com/gkz/prelude-ls"
"prettier@1.19.1","MIT","https://github.com/prettier/prettier"
"pretty-format@25.5.0","MIT","https://github.com/facebook/jest"
"pretty-format@26.6.2","MIT","https://github.com/facebook/jest"
"process-nextick-args@2.0.1","MIT","https://github.com/calvinmetcalf/process-nextick-args"
"progress@2.0.3","MIT","https://github.com/visionmedia/node-progress"
"prompts@2.4.0","MIT","https://github.com/terkelg/prompts"
"proxy-addr@2.0.6","MIT","https://github.com/jshttp/proxy-addr"
"prr@1.0.1","MIT","https://github.com/rvagg/prr"
"psl@1.8.0","MIT","https://github.com/lupomontero/psl"
"pump@3.0.0","MIT","https://github.com/mafintosh/pump"
"punycode@2.1.1","MIT","https://github.com/bestiejs/punycode.js"
"qs@6.5.2","BSD-3-Clause","https://github.com/ljharb/qs"
"qs@6.7.0","BSD-3-Clause","https://github.com/ljharb/qs"
"randombytes@2.1.0","MIT","https://github.com/crypto-browserify/randombytes"
"range-parser@1.2.1","MIT","https://github.com/jshttp/range-parser"
"raw-body@2.4.0","MIT","https://github.com/stream-utils/raw-body"
"react-is@16.13.1","MIT","https://github.com/facebook/react"
"react-is@17.0.1","MIT","https://github.com/facebook/react"
"read-installed@4.0.3","ISC","https://github.com/isaacs/read-installed"
"read-package-json@2.1.2","ISC","https://github.com/npm/read-package-json"
"read-pkg-up@2.0.0","MIT","https://github.com/sindresorhus/read-pkg-up"
"read-pkg-up@7.0.1","MIT","https://github.com/sindresorhus/read-pkg-up"
"read-pkg@2.0.0","MIT","https://github.com/sindresorhus/read-pkg"
"read-pkg@5.2.0","MIT","https://github.com/sindresorhus/read-pkg"
"readable-stream@1.1.14","MIT","https://github.com/isaacs/readable-stream"
"readable-stream@2.3.7","MIT","https://github.com/nodejs/readable-stream"
"readdir-scoped-modules@1.1.0","ISC","https://github.com/npm/readdir-scoped-modules"
"readdirp@3.5.0","MIT","https://github.com/paulmillr/readdirp"
"realpath-native@2.0.0","MIT","https://github.com/SimenB/realpath-native"
"rechoir@0.6.2","MIT","https://github.com/tkellen/node-rechoir"
"reflect-metadata@0.1.13","Apache-2.0","https://github.com/rbuckton/reflect-metadata"
"regex-not@1.0.2","MIT","https://github.com/jonschlinkert/regex-not"
"regexpp@2.0.1","MIT","https://github.com/mysticatea/regexpp"
"regexpp@3.1.0","MIT","https://github.com/mysticatea/regexpp"
"remove-trailing-separator@1.1.0","ISC","https://github.com/darsain/remove-trailing-separator"
"repeat-element@1.1.3","MIT","https://github.com/jonschlinkert/repeat-element"
"repeat-string@1.6.1","MIT","https://github.com/jonschlinkert/repeat-string"
"request-promise-core@1.1.4","ISC","https://github.com/request/promise-core"
"request-promise-native@1.0.9","ISC","https://github.com/request/request-promise-native"
"request@2.88.2","Apache-2.0","https://github.com/request/request"
"require-directory@2.1.1","MIT","https://github.com/troygoode/node-require-directory"
"require-main-filename@1.0.1","ISC","https://github.com/yargs/require-main-filename"
"require-main-filename@2.0.0","ISC","https://github.com/yargs/require-main-filename"
"resolve-cwd@3.0.0","MIT","https://github.com/sindresorhus/resolve-cwd"
"resolve-from@4.0.0","MIT","https://github.com/sindresorhus/resolve-from"
"resolve-from@5.0.0","MIT","https://github.com/sindresorhus/resolve-from"
"resolve-url@0.2.1","MIT","https://github.com/lydell/resolve-url"
"resolve@1.1.7","MIT","https://github.com/substack/node-resolve"
"resolve@1.19.0","MIT","https://github.com/browserify/resolve"
"restore-cursor@3.1.0","MIT","https://github.com/sindresorhus/restore-cursor"
"ret@0.1.15","MIT","https://github.com/fent/ret.js"
"rimraf@2.6.3","ISC","https://github.com/isaacs/rimraf"
"rimraf@3.0.2","ISC","https://github.com/isaacs/rimraf"
"rsvp@4.8.5","MIT","https://github.com/tildeio/rsvp.js"
"run-async@2.4.1","MIT","https://github.com/SBoudrias/run-async"
"rxjs@6.6.3","Apache-2.0","https://github.com/reactivex/rxjs"
"safe-buffer@5.1.2","MIT","https://github.com/feross/safe-buffer"
"safe-regex@1.1.0","MIT","https://github.com/substack/safe-regex"
"safer-buffer@2.1.2","MIT","https://github.com/ChALkeR/safer-buffer"
"sane@4.1.0","MIT","https://github.com/amasad/sane"
"saxes@3.1.11","ISC","https://github.com/lddubeau/saxes"
"schema-utils@2.7.0","MIT","https://github.com/webpack/schema-utils"
"schema-utils@3.0.0","MIT","https://github.com/webpack/schema-utils"
"semver@5.7.1","ISC","https://github.com/npm/node-semver"
"semver@6.3.0","ISC","https://github.com/npm/node-semver"
"semver@7.3.4","ISC","https://github.com/npm/node-semver"
"send@0.17.1","MIT","https://github.com/pillarjs/send"
"serialize-javascript@5.0.1","BSD-3-Clause","https://github.com/yahoo/serialize-javascript"
"serve-static@1.14.1","MIT","https://github.com/expressjs/serve-static"
"set-blocking@2.0.0","ISC","https://github.com/yargs/set-blocking"
"set-value@2.0.1","MIT","https://github.com/jonschlinkert/set-value"
"setprototypeof@1.1.1","ISC","https://github.com/wesleytodd/setprototypeof"
"shebang-command@1.2.0","MIT","https://github.com/kevva/shebang-command"
"shebang-command@2.0.0","MIT","https://github.com/kevva/shebang-command"
"shebang-regex@1.0.0","MIT","https://github.com/sindresorhus/shebang-regex"
"shebang-regex@3.0.0","MIT","https://github.com/sindresorhus/shebang-regex"
"shelljs@0.8.4","BSD-3-Clause","https://github.com/shelljs/shelljs"
"shellwords@0.1.1","MIT","https://github.com/jimmycuadra/shellwords"
"signal-exit@3.0.3","ISC","https://github.com/tapjs/signal-exit"
"sisteransi@1.0.5","MIT","https://github.com/terkelg/sisteransi"
"slash@3.0.0","MIT","https://github.com/sindresorhus/slash"
"slice-ansi@2.1.0","MIT","https://github.com/chalk/slice-ansi"
"slide@1.1.6","ISC","https://github.com/isaacs/slide-flow-control"
"snapdragon-node@2.1.1","MIT","https://github.com/jonschlinkert/snapdragon-node"
"snapdragon-util@3.0.1","MIT","https://github.com/jonschlinkert/snapdragon-util"
"snapdragon@0.8.2","MIT","https://github.com/jonschlinkert/snapdragon"
"source-list-map@2.0.1","MIT","https://github.com/webpack/source-list-map"
"source-map-resolve@0.5.3","MIT","https://github.com/lydell/source-map-resolve"
"source-map-support@0.5.19","MIT","https://github.com/evanw/node-source-map-support"
"source-map-url@0.4.0","MIT","https://github.com/lydell/source-map-url"
"source-map@0.5.7","BSD-3-Clause","https://github.com/mozilla/source-map"
"source-map@0.6.1","BSD-3-Clause","https://github.com/mozilla/source-map"
"source-map@0.7.3","BSD-3-Clause","https://github.com/mozilla/source-map"
"sourcemap-codec@1.4.8","MIT","https://github.com/Rich-Harris/sourcemap-codec"
"spdx-compare@1.0.0","MIT","https://github.com/kemitchell/spdx-compare.js"
"spdx-correct@3.1.1","Apache-2.0","https://github.com/jslicense/spdx-correct.js"
"spdx-exceptions@2.3.0","CC-BY-3.0","https://github.com/kemitchell/spdx-exceptions.json"
"spdx-expression-parse@3.0.1","MIT","https://github.com/jslicense/spdx-expression-parse.js"
"spdx-license-ids@3.0.7","CC0-1.0","https://github.com/jslicense/spdx-license-ids"
"spdx-ranges@2.1.1","(MIT AND CC-BY-3.0)","https://github.com/kemitchell/spdx-ranges.js"
"spdx-satisfies@4.0.1","MIT","https://github.com/kemitchell/spdx-satisfies.js"
"split-string@3.1.0","MIT","https://github.com/jonschlinkert/split-string"
"sprintf-js@1.0.3","BSD-3-Clause","https://github.com/alexei/sprintf.js"
"sshpk@1.16.1","MIT","https://github.com/joyent/node-sshpk"
"stack-utils@1.0.4","MIT","https://github.com/tapjs/stack-utils"
"static-extend@0.1.2","MIT","https://github.com/jonschlinkert/static-extend"
"statuses@1.5.0","MIT","https://github.com/jshttp/statuses"
"stealthy-require@1.1.1","ISC","https://github.com/analog-nico/stealthy-require"
"streamsearch@0.1.2","MIT","https://github.com/mscdex/streamsearch"
"string-length@3.1.0","MIT","https://github.com/sindresorhus/string-length"
"string-width@1.0.2","MIT","https://github.com/sindresorhus/string-width"
"string-width@2.1.1","MIT","https://github.com/sindresorhus/string-width"
"string-width@3.1.0","MIT","https://github.com/sindresorhus/string-width"
"string-width@4.2.0","MIT","https://github.com/sindresorhus/string-width"
"string.prototype.trimend@1.0.3","MIT","https://github.com/es-shims/String.prototype.trimEnd"
"string.prototype.trimstart@1.0.3","MIT","https://github.com/es-shims/String.prototype.trimStart"
"string_decoder@0.10.31","MIT","https://github.com/rvagg/string_decoder"
"string_decoder@1.1.1","MIT","https://github.com/nodejs/string_decoder"
"strip-ansi@3.0.1","MIT","https://github.com/chalk/strip-ansi"
"strip-ansi@4.0.0","MIT","https://github.com/chalk/strip-ansi"
"strip-ansi@5.2.0","MIT","https://github.com/chalk/strip-ansi"
"strip-ansi@6.0.0","MIT","https://github.com/chalk/strip-ansi"
"strip-bom@3.0.0","MIT","https://github.com/sindresorhus/strip-bom"
"strip-bom@4.0.0","MIT","https://github.com/sindresorhus/strip-bom"
"strip-eof@1.0.0","MIT","https://github.com/sindresorhus/strip-eof"
"strip-final-newline@2.0.0","MIT","https://github.com/sindresorhus/strip-final-newline"
"strip-json-comments@3.1.1","MIT","https://github.com/sindresorhus/strip-json-comments"
"superagent@3.8.3","MIT","https://github.com/visionmedia/superagent"
"supertest@4.0.2","MIT","https://github.com/visionmedia/supertest"
"supports-color@5.5.0","MIT","https://github.com/chalk/supports-color"
"supports-color@7.2.0","MIT","https://github.com/chalk/supports-color"
"supports-hyperlinks@2.1.0","MIT","https://github.com/jamestalmage/supports-hyperlinks"
"symbol-observable@2.0.3","MIT","https://github.com/blesh/symbol-observable"
"symbol-tree@3.2.4","MIT","https://github.com/jsdom/js-symbol-tree"
"table@5.4.6","BSD-3-Clause","https://github.com/gajus/table"
"tapable@1.1.3","MIT","https://github.com/webpack/tapable"
"tapable@2.2.0","MIT","https://github.com/webpack/tapable"
"terminal-link@2.1.1","MIT","https://github.com/sindresorhus/terminal-link"
"terser-webpack-plugin@5.0.3","MIT","https://github.com/webpack-contrib/terser-webpack-plugin"
"terser@5.5.1","BSD-2-Clause","https://github.com/terser/terser"
"test-exclude@6.0.0","ISC","https://github.com/istanbuljs/test-exclude"
"text-table@0.2.0","MIT","https://github.com/substack/text-table"
"throat@5.0.0","MIT","https://github.com/ForbesLindesay/throat"
"through@2.3.8","MIT","https://github.com/dominictarr/through"
"tmp@0.0.33","MIT","https://github.com/raszi/node-tmp"
"tmpl@1.0.4","BSD-3-Clause","https://github.com/daaku/nodejs-tmpl"
"to-fast-properties@2.0.0","MIT","https://github.com/sindresorhus/to-fast-properties"
"to-object-path@0.3.0","MIT","https://github.com/jonschlinkert/to-object-path"
"to-regex-range@2.1.1","MIT","https://github.com/micromatch/to-regex-range"
"to-regex-range@5.0.1","MIT","https://github.com/micromatch/to-regex-range"
"to-regex@3.0.2","MIT","https://github.com/jonschlinkert/to-regex"
"toidentifier@1.0.0","MIT","https://github.com/component/toidentifier"
"tough-cookie@2.5.0","BSD-3-Clause","https://github.com/salesforce/tough-cookie"
"tough-cookie@3.0.1","BSD-3-Clause","https://github.com/salesforce/tough-cookie"
"tr46@1.0.1","MIT","https://github.com/Sebmaster/tr46.js"
"tree-kill@1.2.2","MIT","https://github.com/pkrumins/node-tree-kill"
"treeify@1.1.0","MIT","https://github.com/notatestuser/treeify"
"ts-jest@26.4.4","MIT","https://github.com/kulshekhar/ts-jest"
"ts-loader@6.2.2","MIT","https://github.com/TypeStrong/ts-loader"
"ts-node@8.10.2","MIT","https://github.com/TypeStrong/ts-node"
"tsconfig-paths-webpack-plugin@3.3.0","MIT","https://github.com/dividab/tsconfig-paths-webpack-plugin"
"tsconfig-paths@3.9.0","MIT","https://github.com/dividab/tsconfig-paths"
"tslib@1.14.1","0BSD","https://github.com/Microsoft/tslib"
"tslib@2.0.3","0BSD","https://github.com/Microsoft/tslib"
"tsutils@3.17.1","MIT","https://github.com/ajafff/tsutils"
"tunnel-agent@0.6.0","Apache-2.0","https://github.com/mikeal/tunnel-agent"
"tweetnacl@0.14.5","Unlicense","https://github.com/dchest/tweetnacl-js"
"type-check@0.3.2","MIT","https://github.com/gkz/type-check"
"type-detect@4.0.8","MIT","https://github.com/chaijs/type-detect"
"type-fest@0.11.0","(MIT OR CC0-1.0)","https://github.com/sindresorhus/type-fest"
"type-fest@0.6.0","(MIT OR CC0-1.0)","https://github.com/sindresorhus/type-fest"
"type-fest@0.8.1","(MIT OR CC0-1.0)","https://github.com/sindresorhus/type-fest"
"type-is@1.6.18","MIT","https://github.com/jshttp/type-is"
"typedarray-to-buffer@3.1.5","MIT","https://github.com/feross/typedarray-to-buffer"
"typedarray@0.0.6","MIT","https://github.com/substack/typedarray"
"typescript@3.9.7","Apache-2.0","https://github.com/Microsoft/TypeScript"
"typescript@4.0.5","Apache-2.0","https://github.com/Microsoft/TypeScript"
"union-value@1.0.1","MIT","https://github.com/jonschlinkert/union-value"
"universalify@0.1.2","MIT","https://github.com/RyanZim/universalify"
"universalify@1.0.0","MIT","https://github.com/RyanZim/universalify"
"universalify@2.0.0","MIT","https://github.com/RyanZim/universalify"
"unpipe@1.0.0","MIT","https://github.com/stream-utils/unpipe"
"unset-value@1.0.0","MIT","https://github.com/jonschlinkert/unset-value"
"uri-js@4.4.0","BSD-2-Clause","https://github.com/garycourt/uri-js"
"urix@0.1.0","MIT","https://github.com/lydell/urix"
"use@3.1.1","MIT","https://github.com/jonschlinkert/use"
"util-deprecate@1.0.2","MIT","https://github.com/TooTallNate/util-deprecate"
"util-extend@1.0.3","MIT","https://github.com/isaacs/util-extend"
"utils-merge@1.0.1","MIT","https://github.com/jaredhanson/utils-merge"
"uuid@3.4.0","MIT","https://github.com/uuidjs/uuid"
"uuid@8.3.1","MIT","https://github.com/uuidjs/uuid"
"uuid@8.3.2","MIT","https://github.com/uuidjs/uuid"
"v8-compile-cache@2.2.0","MIT","https://github.com/zertosh/v8-compile-cache"
"v8-to-istanbul@4.1.4","ISC","https://github.com/istanbuljs/v8-to-istanbul"
"validate-npm-package-license@3.0.4","Apache-2.0","https://github.com/kemitchell/validate-npm-package-license.js"
"vary@1.1.2","MIT","https://github.com/jshttp/vary"
"verror@1.10.0","MIT","https://github.com/davepacheco/node-verror"
"w3c-hr-time@1.0.2","MIT","https://github.com/jsdom/w3c-hr-time"
"w3c-xmlserializer@1.1.2","MIT","https://github.com/jsdom/w3c-xmlserializer"
"walker@1.0.7","Apache-2.0","https://github.com/daaku/nodejs-walker"
"watchpack@2.1.0","MIT","https://github.com/webpack/watchpack"
"wcwidth@1.0.1","MIT","https://github.com/timoxley/wcwidth"
"webidl-conversions@4.0.2","BSD-2-Clause","https://github.com/jsdom/webidl-conversions"
"webpack-node-externals@2.5.2","MIT","https://github.com/liady/webpack-node-externals"
"webpack-sources@2.2.0","MIT","https://github.com/webpack/webpack-sources"
"webpack@5.4.0","MIT","https://github.com/webpack/webpack"
"whatwg-encoding@1.0.5","MIT","https://github.com/jsdom/whatwg-encoding"
"whatwg-fetch@3.6.2","MIT","https://github.com/github/fetch"
"whatwg-mimetype@2.3.0","MIT","https://github.com/jsdom/whatwg-mimetype"
"whatwg-url@7.1.0","MIT","https://github.com/jsdom/whatwg-url"
"which-module@2.0.0","ISC","https://github.com/nexdrew/which-module"
"which@1.3.1","ISC","https://github.com/isaacs/node-which"
"which@2.0.2","ISC","https://github.com/isaacs/node-which"
"windows-release@4.0.0","MIT","https://github.com/sindresorhus/windows-release"
"word-wrap@1.2.3","MIT","https://github.com/jonschlinkert/word-wrap"
"wrap-ansi@2.1.0","MIT","https://github.com/chalk/wrap-ansi"
"wrap-ansi@6.2.0","MIT","https://github.com/chalk/wrap-ansi"
"wrappy@1.0.2","ISC","https://github.com/npm/wrappy"
"write-file-atomic@3.0.3","ISC","https://github.com/npm/write-file-atomic"
"write@1.0.3","MIT","https://github.com/jonschlinkert/write"
"ws@7.4.1","MIT","https://github.com/websockets/ws"
"xml-name-validator@3.0.0","Apache-2.0","https://github.com/jsdom/xml-name-validator"
"xmlchars@2.2.0","MIT","https://github.com/lddubeau/xmlchars"
"xtend@4.0.2","MIT","https://github.com/Raynos/xtend"
"y18n@4.0.1","ISC","https://github.com/yargs/y18n"
"yallist@4.0.0","ISC","https://github.com/isaacs/yallist"
"yaml@1.10.0","ISC","https://github.com/eemeli/yaml"
"yargs-parser@11.1.1","ISC","https://github.com/yargs/yargs-parser"
"yargs-parser@18.1.3","ISC","https://github.com/yargs/yargs-parser"
"yargs-parser@20.2.4","ISC","https://github.com/yargs/yargs-parser"
"yargs@12.0.5","MIT","https://github.com/yargs/yargs"
"yargs@15.4.1","MIT","https://github.com/yargs/yargs"
"yn@3.1.1","MIT","https://github.com/sindresorhus/yn"
"yocto-queue@0.1.0","MIT","https://github.com/sindresorhus/yocto-queue"